{
  "silhouette_score": 0.03398779779672623,
  "davies_bouldin_index": 2.86943715715503
}